short_name,name,duns_number
XAESMT,AES MARKETING AND TRADING LLC (CRRAH),1187367255000
XALLIA,ALLIANCE POWER COMPANY LLC (CRRAH),1362491875000
XALET,ALTOP ENERGY TRADING LLC (CRRAH),1173942775000
XALET1,ALTOP ENERGY TRADING LLC 1 (CRRAH),1173942775100
XALET2,ALTOP ENERGY TRADING LLC 2 (CRRAH),1173942775200
XALTO1,ALTOP ENERGY TRADING TEXAS LLC 1 (CRRAH),1174165275100
XALTO2,ALTOP ENERGY TRADING TEXAS LLC 2 (CRRAH),1174165275200
XALTO3,ALTOP ENERGY TRADING TEXAS LLC 3 (CRRAH),1174165275300
XALTUS,ALTUS POWER LLC (CRRAH),0806096845000
XALTU1,ALTUS POWER LLC 1 (CRRAH),0806096845100
XALTU2,ALTUS POWER LLC 2 (CRRAH),0806096845200
XAMAQ,AMA QSE LLC (CRRAH),1184965725000
XAMAZA,AMAZAND LLC (CRRAH),0621216265000
XAMATH,AMAZAND THETA LLC (CRRAH),1191048075000
XEPACC,AMERICAN ELECTRIC POWER SERVICE CORP EPACC (CRRAH),0069798765100
XEPMTM,AMERICAN ELECTRIC POWER SERVICE CORP EPMTM (CRRAH),0069798765200
XAMES,AMES ENERGY LLC (CRRAH),0805543175000
XARCTU,ARCTURUS POWER TRADING LLC (CRRAH),0805196935000
XARCT1,ARCTURUS POWER TRADING LLC 1 (CRRAH),0805196935100
XARCT2,ARCTURUS POWER TRADING LLC 2 (CRRAH),0805196935200
XARMEP,ARM ENERGY POWER LLC (CRRAH),1192879945000
XRAID,ASPIRE POWER VENTURES LP (CRRAH),0784171415000
XRAID1,ASPIRE POWER VENTURES LP 1 (CRRAH),0784171415100
XRAID2,ASPIRE POWER VENTURES LP 2 (CRRAH),0784171415200
XATNV,ATNV ENERGY LP (CRRAH),0792520145000
XATNV1,ATNV ENERGY LP 1 (CRRAH),0792520145100
XATNV2,ATNV ENERGY LP 2 (CRRAH),0792520145200
XATVM,ATVI MARKETING II LLC (CRRAH),1192378435000
XATVM1,ATVI MARKETING II LLC 1 (CRRAH),1192378435100
XATVM2,ATVI MARKETING II LLC 2 (CRRAH),1192378435200
XATVUM,ATVI MARKETING LLC (CRRAH),1190111635000
XATVU1,ATVI MARKETING LLC 1 (CRRAH),1190111635100
XATVU2,ATVI MARKETING LLC 2 (CRRAH),1190111635200
XAVANG,AVANGRID POWER LLC (CRRAH),9473764225000
XAXPO,AXPO US LLC (CRRAH),0801803385000
XBARTO,BARTON FUND LLC (CRRAH),0801324245000
XBAYES,BAYES POWER LLC (CRRAH),0999305445000
XBAYE1,BAYES POWER LLC 1 (CRRAH),0999305445100
XBAYE2,BAYES POWER LLC 2 (CRRAH),0999305445200
XBCLIP,BCLI POWER LLC (CRRAH),1194810195000
XBCLP1,BCLI POWER LLC 1 (CRRAH),1194810195100
XBEARL,BEAR LAKE TRADING LLC (CRRAH),1179074975000
XBEAR1,BEAR LAKE TRADING LLC 1 (CRRAH),1179074975100
XBEAR2,BEAR LAKE TRADING LLC 2 (CRRAH),1179074975200
XBBEND,BIG BEND TRADING LLC (CRRAH),0806088175000
XBBEN2,BIG BEND TRADING LLC 2 (CRRAH),0806088175100
XBJEN,BJ ENERGY LLC (CRRAH),5555683805000
XBJEN2,BJ ENERGY LLC 2 (CRRAH),5555683805100
XBJEN3,BJ ENERGY LLC 3 (CRRAH),5555683805200
XEDISO,BOSTON ENERGY TRADING AND MARKETING LLC (CRRAH),0748829575000
XEDIS1,BOSTON ENERGY TRADING AND MARKETING LLC 1 (CRRAH),0748829575100
XEDIS2,BOSTON ENERGY TRADING AND MARKETING LLC 2 (CRRAH),0748829575200
XBPEC,BP ENERGY COMPANY (CRRAH),6252757555000
XBPEC1,BP ENERGY COMPANY 1 (CRRAH),6252757555100
XBPEC2,BP ENERGY COMPANY 2 (CRRAH),6252757555200
XEDFEN,BP ENERGY RETAIL COMPANY LLC 1 (CRRAH),7887078475000
XEDFE2,BP ENERGY RETAIL COMPANY LLC 2 (CRRAH),7887078475100
XEDFE3,BP ENERGY RETAIL COMPANY LLC 3 (CRRAH),7887078475200
XBPPUS,BPPUS POWER TRADING LLC (CRRAH),1192609925000
XBRAVO,BRAVOS MONARCA LLC (CRRAH),1183842525000
XBRAV1,BRAVOS MONARCA LLC 1 (CRRAH),1183842525100
XBRAV2,BRAVOS MONARCA LLC 2 (CRRAH),1183842525200
XBRDQ1,BROAD REACH QSE I LLC (CRRAH),1184321775000
XBROOK,BROOKFIELD RENEWABLE TRADING AND MARKETING LP (CRRAH),2038399565000
XBPUB,BROWNSVILLE PUBLIC UTILITIES BOARD (CRRAH),6063470375000
XBTU,BRYAN TEXAS UTILITIES (CRRAH),0793907795000
XCAERC,CAERUS COMMODITIES TRADING LP (CRRAH),1186268065000
XSEMES,CALPINE ENERGY SOLUTIONS LLC (CRRAH),9682542765000
XCALPP,CALPINE POWER MANAGEMENT LLC (CRRAH),1127108765000
XCALP1,CALPINE POWER MANAGEMENT LLC 1 (CRRAH),1127108765100
XCALP2,CALPINE POWER MANAGEMENT LLC 2 (CRRAH),1127108765200
XCAPEM,CAPEMAY CAPITAL LLC (CRRAH),1172277505000
XCASSI,CASSIAN ENERGY LLC (CRRAH),1170335385000
XCASS2,CASSIAN ENERGY LLC 2 (CRRAH),1170335385100
XCASS3,CASSIAN ENERGY LLC 3 (CRRAH),1170335385200
XLOUIS,CASTLETON COMMODITIES MERCHANT TRADING LP (CRRAH),0387147835000
XCASTP,CASTLETON COMMODITIES PARTNERS LLC (CRRAH),0798826345000
XCC8LL,CC8 LLC (CRRAH),0795749695000
XCC8C1,CC8 LLC 1 (CRRAH),0795749695100
XCC8C2,CC8 LLC 2 (CRRAH),0795749695200
XCCIUS,CCI US POWER TRADING LLC (CRRAH),1183328145000
XCDAFP,CDAF POWER LLC (CRRAH),1050064675000
XCDAF1,CDAF POWER LLC 1 (CRRAH),1050064675100
XCTEC,CENTRAL TEXAS ELECTRIC COOPERATIVE INC (CRRAH),0079302745000
XCEPTX,CEPAM TX CORP (CRRAH),1194708075000
XCHMP,CHAMPION ENERGY MARKETING LLC (CRRAH),8269610425000
XCHICO,CHICOT LLC (CRRAH),1186033485000
XCHIC1,CHICOT LLC 1 (CRRAH),1186033485100
XCHIC2,CHICOT LLC 2 (CRRAH),1186033485200
XCIRRO,CIRRO GROUP INC (CRRAH),0344414495000
XCITAE,CITADEL ENERGY MARKETING LLC (CRRAH),0796630875000
XCITAT,CITADEL TEXAS ENERGY LTD (CRRAH),1188689285000
XCITA1,CITADEL TEXAS ENERGY LTD 1 (CRRAH),1188689285100
XCITX2,CITADEL TEXAS ENERGY LTD 2 (CRRAH),1188689285200
XCITI,CITIGROUP ENERGY INC (CRRAH),1451846315000
XCITI2,CITIGROUP ENERGY INC 2 (CRRAH),1451846315100
XCITI3,CITIGROUP ENERGY INC 3 (CRRAH),1451846315200
XAEN,CITY OF AUSTIN DBA AUSTIN ENERGY (CRRAH),8008717665000
XBOERN,CITY OF BOERNE (CRRAH),0052470695000
XCOLGS,CITY OF COLLEGE STATION (CRRAH),0403303005000
XGAR,CITY OF GARLAND (CRRAH),6011012565000
XGAR1,CITY OF GARLAND 1 (CRRAH),6011012565100
XGTWN,CITY OF GEORGETOWN (CRRAH),0895923725000
XSEGIN,CITY OF SEGUIN (CRRAH),8485094025000
XALGON,CLEARLIGHT ENERGY SERVICES LLC (CRRAH),2039805655000
XCLOPM,CLEARWAY OPCO POWER MARKETING LLC (CRRAH),1194666495000
XEXELO,CONSTELLATION ENERGY GENERATION LLC (CRRAH),9604589585000
XEXEL1,CONSTELLATION ENERGY GENERATION LLC 1 (CRRAH),9604589585100
XEXEL2,CONSTELLATION ENERGY GENERATION LLC 2 (CRRAH),9604589585200
XCOOKE,COOKE COUNTY ELECTRIC COOPERATIVE ASSOCIATION INC (CRRAH),0089518085000
XCORS,CORSAIR LP (CRRAH),1171312655000
XCOR2,CORSAIR LP 2 (CRRAH),1171312655100
XCOR3,CORSAIR LP 3 (CRRAH),1171312655200
XCPSE,CPS ENERGY (CRRAH),0079360735000
XCPSE2,CPS ENERGY 2 (CRRAH),0079360735100
XCRIMS,CRIMSON ENERGY LLC (CRRAH),0801899045000
XCTV,CTV LLC (CRRAH),1448489575000
XCWPEI,CWP ENERGY INC (CRRAH),2035708905000
XCWPE1,CWP ENERGY INC 1 (CRRAH),2035708905100
XCWPE2,CWP ENERGY INC 2 (CRRAH),2035708905200
XDANSK,DANSKE COMMODITIES US LLC (CRRAH),1170410305000
XDANS1,DANSKE COMMODITIES US LLC 1 (CRRAH),1170410305100
XDANS2,DANSKE COMMODITIES US LLC 2 (CRRAH),1170410305200
XDARBY,DARBY ENERGY LLC (CRRAH),9697872955000
XDARB2,DARBY ENERGY LLC 2 (CRRAH),9697872955100
XDARB3,DARBY ENERGY LLC 3 (CRRAH),9697872955200
XDARE,DARE US LLC (CRRAH),1189691435000
XDCEND,DC ENERGY DAKOTA LLC (CRRAH),8308783075000
XDCEN1,DC ENERGY DAKOTA LLC 1 (CRRAH),8308783075100
XDCND2,DC ENERGY DAKOTA LLC 2 (CRRAH),8308783075200
XDCENG,DC ENERGY TEXAS LLC (CRRAH),8276737035000
XDCEN2,DC ENERGY TEXAS LLC 2 (CRRAH),8276737035100
XDCEN3,DC ENERGY TEXAS LLC 3 (CRRAH),8276737035200
XDCEC,DENTON COUNTY ELECTRIC COOP INC DBA COSERV ELECTRIC (CRRAH),0089479135000
XDME,DENTON MUNICIPAL ELECTRIC (CRRAH),0713801905000
XDME1,DENTON MUNICIPAL ELECTRIC 1 (CRRAH),0713801905100
XDUKER,DERIVA ENERGY SERVICES LLC (CRRAH),0786769745000
XDUKE1,DERIVA ENERGY SERVICES LLC 1 (CRRAH),0786769745100
XDUKE2,DERIVA ENERGY SERVICES LLC 2 (CRRAH),0786769745200
XDESLY,DESLYS LLC (CRRAH),1185956215000
XDESL1,DESLYS LLC 1 (CRRAH),1185956215100
XDESL2,DESLYS LLC 2 (CRRAH),1185956215200
XDIRE,DIRECT ENERGY LP (CRRAH),0397133545000
XDIRE1,DIRECT ENERGY LP 1 (CRRAH),0397133545100
XDIRE2,DIRECT ENERGY LP 2 (CRRAH),0397133545200
XDRWET,DRW ENERGY TRADING LLC (CRRAH),0801205485000
XDTET,DTE ENERGY TRADING INC (CRRAH),1799892315000
XDVTRA,DV TRADING LLC (CRRAH),3616588345000
XDXTCO,DXT COMMODITIES NORTH AMERICA INC (CRRAH),0808760735000
XDYNEC,DYNASTY ENERGY CALIFORNIA INC (CRRAH),2032730085000
XDYNE2,DYNASTY ENERGY CALIFORNIA INC 2 (CRRAH),2032730085100
XDYNE3,DYNASTY ENERGY CALIFORNIA INC 3 (CRRAH),2032730085200
XDYSTY,DYNASTY POWER INC (CRRAH),2452308215000
XDYST1,DYNASTY POWER INC 1 (CRRAH),2452308215100
XDYST2,DYNASTY POWER INC 2 (CRRAH),2452308215200
XETEC,EAST TEXAS ELECTRIC COOPERATIVE INC (CRRAH),9485352655000
XEDCPO,EDC POWER LLC (CRRAH),1181727165000
XEDFT2,EDF TRADING NORTH AMERICA LLC 2 (CRRAH),1091142515100
XEDFT3,EDF TRADING NORTH AMERICA LLC 3 (CRRAH),1091142515200
XEAGL,EDF TRADING NORTH AMERICA LLC I (CRRAH),1091142515000
XHWE,EDP RENEWABLES NORTH AMERICA LLC (CRRAH),0155344695000
XENELT,ENEL TRADING NORTH AMERICA LLC (CRRAH),0805985625000
XENEL1,ENEL TRADING NORTH AMERICA LLC 1 (CRRAH),0805985625100
XENEL2,ENEL TRADING NORTH AMERICA LLC 2 (CRRAH),0805985625200
XENERZ,ENERZCAPITAL LLC (CRRAH),1191209585000
XENER1,ENERZCAPITAL LLC 1 (CRRAH),1191209585100
XENER2,ENERZCAPITAL LLC 2 (CRRAH),1191209585200
XBTGP,ENGELHART CTP (US) LLC (CRRAH),0791244985000
XBTGP1,ENGELHART CTP (US) LLC 1 (CRRAH),0791244985100
XBTGP2,ENGELHART CTP (US) LLC 2 (CRRAH),0791244985200
XTRAIL,ENGELHART CTP ENERGY MARKETING LLC (CRRAH),0792685225000
XTRAI1,ENGELHART CTP ENERGY MARKETING LLC 1 (CRRAH),0792685225100
XTRAI2,ENGELHART CTP ENERGY MARKETING LLC 2 (CRRAH),0792685225200
XSUEZ,ENGIE ENERGY MARKETING NA INC (CRRAH),9689097395000
XSUEZI,ENGIE ENERGY MARKETING NA INC 2 (CRRAH),9689097395100
XSUEZ3,ENGIE ENERGY MARKETING NA INC 3 (CRRAH),9689097395200
XSUEZ1,ENGIE RESOURCES LLC (CRRAH),0996683325000
XSUEZ2,ENGIE RESOURCES LLC XSUEZ2 (CRRAH),0996683325100
XENJRE,ENJ RESEARCH LLC (CRRAH),1189331715000
XENTGR,ENTERGRID FUND I LLC (CRRAH),1169572785000
XENTG2,ENTERGRID FUND I LLC 1 (CRRAH),1169572785100
XENDUR,ETC ENDURE ENERGY LLC (CRRAH),8096434925000
XWESTR,EVERGY KANSAS CENTRAL INC (CRRAH),0069437815000
XFYEC,FAYETTE ELECTRIC COOPERATIVE INC (CRRAH),0593309775000
XFORMO,FORMOSA UTILITY VENTURE LTD (CRRAH),9277887865000
XFPSOU,FP SOUTH CAPITAL PARTNERS LLC (CRRAH),1174094445000
XFPLK,FPL ENERGY TEXAS KEIR LLC (CRRAH),6117140365000
XFREEP,FREEPOINT COMMODITIES LLC (CRRAH),9679639065000
XFREE2,FREEPOINT COMMODITIES LLC 2 (CRRAH),9679639065100
XFRESL,FREEPOINT ENERGY SOLUTIONS LLC (CRRAH),0801083755000
XHECAT,FRYE SOLAR LLC (CRRAH),1189375485000
XGARIT,GARITA ENERGY PARTNERS LP (CRRAH),1193406425000
XGBPPO,GBP POWER LP (CRRAH),1179909185000
XGBPP1,GBP POWER LP 1 (CRRAH),1179909185100
XGBPP2,GBP POWER LP 2 (CRRAH),1179909185200
XGENIT,GEN I TRADING NORTH AMERICA LLC (CRRAH),1195779125000
XGEO1,GEODESIC 1 LLC (CRRAH),0810285855000
XGEO11,GEODESIC 1 LLC 1 (CRRAH),0810285855100
XGEO12,GEODESIC 1 LLC 2 (CRRAH),0810285855200
XNGREM,GERONIMO POWER MARKETING LLC (CRRAH),1180341905000
XGEUS,GEUS (CRRAH),1312180135000
XGEXA,GEXA ENERGY LP (CRRAH),1081145425000
XGINKG,GINKGO POWER TRADING LLC (CRRAH),0814702095000
XGOLD,GOLDEN SPREAD ELECTRIC COOPERATIVE INC (CRRAH),1864707795000
XGOLDT,GOLDTHWAITE WIND ENERGY LLC (CRRAH),0787479235000
XGRENP,GRENADIER POWER FUND LP (CRRAH),1192863895000
XGRGE,GRG ENERGY LLC (CRRAH),0783660635000
XGRIEQ,GRIDMATIC EQUISETUM LLC (CRRAH),1180455685000
XGRIE1,GRIDMATIC EQUISETUM LLC 1 (CRRAH),1180455685100
XGRIE2,GRIDMATIC EQUISETUM LLC 2 (CRRAH),1180455685200
XGRIDM,GRIDMATIC INC (CRRAH),0801996435000
XGVEC,GUADALUPE VALLEY ELECTRIC CO OP INC (CRRAH),0079305895000
XGUNSI,GUNSIGHT MOUNTAIN WIND ENERGY LLC (CRRAH),0796659845000
XGUNVO,GUNVOR USA LLC (CRRAH),0498668985000
XHANWH,HANWHA ENERGY USA HOLDINGS CORP DBA 174 POWER GLOBAL (CRRAH),0806881855000
XHANW2,HANWHA ENERGY USA HOLDINGS CORP DBA 174 POWER GLOBAL 2 (CRRAH),0806881855100
XHARTR,HARTREE PARTNERS LP (CRRAH),0159561625000
XHART1,HARTREE PARTNERS LP 1 (CRRAH),0159561625100
XHART2,HARTREE PARTNERS LP 2 (CRRAH),0159561625200
XHTEC,HEART OF TEXAS ELECTRIC COOPERATIVE INC (CRRAH),0075096985000
XHEBER,HEBER ENERGY LLC (CRRAH),0810771185000
XHERMI,HERMIT ENERGY TRADING LLC (CRRAH),1171120155000
XHERM1,HERMIT ENERGY TRADING LLC 1 (CRRAH),1171120155100
XHERM2,HERMIT ENERGY TRADING LLC 2 (CRRAH),1171120155200
XHQENE,HQ ENERGY SERVICES (US) INC (CRRAH),0249887225000
XHYDRA,HYDRASAUR LLC (CRRAH),1077090335000
XINCOM,IN COMMODITIES US LLC (CRRAH),1172090335000
XINER3,INERTIA POWER III LP (CRRAH),0791257655000
XINERA,INERTIA POWER III LP A (CRRAH),0791257655100
XINERB,INERTIA POWER III LP B (CRRAH),0791257655200
XINTER,INTERGRID POWER LLC (CRRAH),0808329325000
XIPENE,IP ENERGY MARKETING LLC (CRRAH),1191273005000
XIPLU2,IP LUMINA II LLC (CRRAH),1180275585000
XIPLUM,IP LUMINA LLC (CRRAH),1180147625000
XIPQU2,IP QUANTUM II LLC (CRRAH),1195125965000
XIPQUA,IP QUANTUM LLC (CRRAH),1123677215000
XIPRAD,IP RADIAN LLC (CRRAH),1180147355000
XJARON,J ARON AND COMPANY LLC (CRRAH),0069803125000
XJACIN,JACINTO ENERGY LLC (CRRAH),0801903355000
XJUSTL,JUST ENERGY LIMITED (CRRAH),1186924855000
XJUST,JUST ENERGY TEXAS LP (CRRAH),1105699985000
XK2SO,K2SO LLC (CRRAH),1028138605000
XK2SO1,K2SO LLC 1 (CRRAH),1028138605100
XK2SO2,K2SO LLC 2 (CRRAH),1028138605200
XKANAP,KANAPAHA ENERGY LLC (CRRAH),1177184535000
XKPUB,KERRVILLE PUBLIC UTILITY BOARD (CRRAH),1248248065000
XKNOA,KONA POWER LLC (CRRAH),1195062895000
XKNOA1,KONA POWER LLC 1 (CRRAH),1195062895100
XKNOA2,KONA POWER LLC 2 (CRRAH),1195062895200
XKWANX,KWANTIX POWER FUND II LP (CRRAH),1183939775000
XKWAN1,KWANTIX POWER FUND II LP 1 (CRRAH),1183939775100
XKWAN2,KWANTIX POWER FUND II LP 2 (CRRAH),1183939775200
XKWANT,KWANTIX TRADING FUND I LP (CRRAH),0796291325000
XLAFAY,LAFAYETTE POWER LLC (CRRAH),0805739025000
XLAFA1,LAFAYETTE POWER LLC 1 (CRRAH),0805739025100
XLANPR,LANEY POWER LLLP (CRRAH),1176765045000
XLANP1,LANEY POWER LLLP 1 (CRRAH),1176765045100
XLANP2,LANEY POWER LLLP 2 (CRRAH),1176765045200
XLCPE,LCP ENERGY LP (CRRAH),1178212345000
XLCPE1,LCP ENERGY LP 1 (CRRAH),1178212345100
XLCPE2,LCP ENERGY LP 2 (CRRAH),1178212345200
XLELAN,LELAND POWER LLC (CRRAH),0801903005000
XLINEB,LINEBACKER POWER FUNDING LLC (CRRAH),1189940585000
XLCRA,LOWER COLORADO RIVER AUTHORITY (CRRAH),0432268855000
XLCRA1,LOWER COLORADO RIVER AUTHORITY LCRA WSC ENERGY (CRRAH),0432268855100
XLQA,LQA LLC (CRRAH),8097849735000
XLQA2,LQA LLC 2 (CRRAH),8097849735100
XLQA3,LQA LLC 3 (CRRAH),8097849735200
XLREEN,LRE ENERGY SERVICES LLC (CRRAH),1189656795000
XLUMN,LUMINANT ENERGY COMPANY LLC (CRRAH),6062523935000
XLUREP,LUMINANT ENERGY COMPANY LLC REPS (CRRAH),6062523935200
XLUTRD,LUMINANT ENERGY COMPANY LLC TRADING (CRRAH),6062523935300
XMACQ,MACQUARIE ENERGY LLC (CRRAH),7988460365000
XMACQ1,MACQUARIE ENERGY LLC 1 (CRRAH),7988460365100
XMACQ2,MACQUARIE ENERGY LLC 2 (CRRAH),7988460365200
XMAGE,MAG ENERGY SOLUTIONS INC (CRRAH),2055562075000
XMAGE1,MAG ENERGY SOLUTIONS INC 1 (CRRAH),2055562075100
XMAGE2,MAG ENERGY SOLUTIONS INC 2 (CRRAH),2055562075200
XMAIA,MAIA POWER LLC (CRRAH),1052412355000
XMAIA1,MAIA POWER LLC 1 (CRRAH),1052412355100
XMAIA2,MAIA POWER LLC 2 (CRRAH),1052412355200
XMARKE,MARKET PLACE ENERGY LLC (CRRAH),1184493565000
XMARK1,MARKET PLACE ENERGY LLC 1 (CRRAH),1184493565100
XMARK2,MARKET PLACE ENERGY LLC 2 (CRRAH),1184493565200
XMAVER,MAVERICK CREEK WIND LLC (CRRAH),1172245045000
XMEND,MENDOCINO POWER LP (CRRAH),1322806645000
XMEND1,MENDOCINO POWER LP 1 (CRRAH),1322806645100
XMEND2,MENDOCINO POWER LP 2 (CRRAH),1322806645200
XMEA,MERCURIA ENERGY AMERICA LLC (CRRAH),8317491275000
XMEA1,MERCURIA ENERGY AMERICA LLC 1 (CRRAH),8317491275100
XMEA2,MERCURIA ENERGY AMERICA LLC 2 (CRRAH),8317491275200
XMEREL,MERELEC USA LLC (CRRAH),0657483385000
XMERRL,MERRILL LYNCH COMMODITIES INC (CRRAH),1603528655000
XMERR2,MERRILL LYNCH COMMODITIES INC 2 (CRRAH),1603528655200
XMERR3,MERRILL LYNCH COMMODITIES INC 3 (CRRAH),1603528655300
XMETTT,MET TEXAS TRADING LP (CRRAH),9658406015000
XMETT2,MET TEXAS TRADING LP 2 (CRRAH),9658406015100
XMETT3,MET TEXAS TRADING LP 3 (CRRAH),9658406015200
XMFTE,MFT ENERGY LLC (CRRAH),1338250575000
XMFTE1,MFT ENERGY LLC 1 (CRRAH),1338250575100
XMFTE2,MFT ENERGY LLC 2 (CRRAH),1338250575200
XMFTPO,MFT ENERGY US POWER LLC (CRRAH),1188317325000
XMIAMI,MIAMI WIND I LLC (CRRAH),0790948675000
XMIDSO,MID SOUTH ELECTRIC COOPERATIVE ASSOCIATION (CRRAH),0612785945000
XMIDAE,MIDAMERICAN ENERGY SERVICES LLC (CRRAH),0797495705000
XMIDWE,MIDWEST ENERGY TRADING EAST LLC (CRRAH),9616314185000
XMISGA,MISGAUGE LLC (CRRAH),1184090355000
XMITSU,MITSUI AND CO ENERGY MARKETING AND SERVICES (USA) INC (CRRAH),9682166015000
XMNTE,MONTEREY LP (CRRAH),1191945155000
XMNTE1,MONTEREY LP 1 (CRRAH),1191945155100
XMNTE2,MONTEREY LP 2 (CRRAH),1191945155200
XMORG,MORGAN STANLEY CAPITAL GROUP INC (CRRAH),0069878795000
XMORGB,MORGAN STANLEY CAPITAL GROUP INC B (CRRAH),0069878795100
XMORGC,MORGAN STANLEY CAPITAL GROUP INC C (CRRAH),0069878795200
XMOUNT,MOUNT AUBURN STREET TRADING LP (CRRAH),1180859965000
XMOUN1,MOUNT AUBURN STREET TRADING LP 1 (CRRAH),1180859965100
XMOUN2,MOUNT AUBURN STREET TRADING LP 2 (CRRAH),1180859965200
XMP2TX,MP2 ENERGY TEXAS LLC DBA SHELL ENERGY SOLUTIONS (CRRAH),8281436315000
XMUDD,MUDD ENERGY LLC (CRRAH),0804035325000
XNBRUT,NEW BRAUNFELS UTILITIES (CRRAH),0383461695000
XNEWM,NEW MEXICO ELECTRIC MARKETING LLC (CRRAH),0045121125000
XNEWM2,NEW MEXICO ELECTRIC MARKETING LLC 2 (CRRAH),0045121125100
XNEWM3,NEW MEXICO ELECTRIC MARKETING LLC 3 (CRRAH),0045121125200
XFPLE,NEXTERA ENERGY MARKETING LLC (CRRAH),0544813415000
XNEXTA,NEXTERA ENERGY MARKETING LLC A (CRRAH),0544813415100
XNEXTL,NEXTERA ENERGY MARKETING LLC L (CRRAH),0544813415200
XNEXUS,NEXUS ENERGY LLC (CRRAH),1192777075000
XNEXU1,NEXUS ENERGY LLC 1 (CRRAH),1192777075100
XNEXU2,NEXUS ENERGY LLC 2 (CRRAH),1192777075200
XNN8LL,NN8 LLC (CRRAH),0806377555000
XNN8L1,NN8 LLC 1 (CRRAH),0806377555100
XNN8L2,NN8 LLC 2 (CRRAH),0806377555200
XNORT,NORTHERN STATES POWER COMPANY (CRRAH),0069624195000
XNOSH,NORTHSHORE TRADING LLC (CRRAH),1194313705000
XNOSH1,NORTHSHORE TRADING LLC 1 (CRRAH),1194313705100
XNOSH2,NORTHSHORE TRADING LLC 2 (CRRAH),1194313705200
XNOVAT,NOVATUS ENERGY MANAGEMENT LLC (CRRAH),1171533215000
XNPME1,NPM ENERGY LLC 1 (CRRAH),9695996415000
XNPME2,NPM ENERGY LLC 2 (CRRAH),9695996415100
XNPME3,NPM ENERGY LLC 3 (CRRAH),9695996415200
XNRGP,NRG BUSINESS MARKETING LLC (CRRAH),0282559795000
XNRGP2,NRG BUSINESS MARKETING LLC 2 (CRRAH),0282559795100
XNRGP3,NRG BUSINESS MARKETING LLC 3 (CRRAH),0282559795200
XNRGTX,NRG TEXAS POWER LLC (CRRAH),1684560495000
XNRGGM,NRG TEXAS POWER LLC (GME) (CRRAH),1684560495200
XNRGLD,NRG TEXAS POWER LLC (LOAD) (CRRAH),1684560495100
XOSTX,OMEGA STRATEGIES TEXAS I LLC (CRRAH),1193668235000
XOSTX1,OMEGA STRATEGIES TEXAS I LLC 1 (CRRAH),1193668235100
XOSTX2,OMEGA STRATEGIES TEXAS I LLC 2 (CRRAH),1193668235200
XOMEGA,OMEGA US HOLDING II LLC (CRRAH),1188976865000
XONEV,ONE VENTURES TX LLC (CRRAH),1174227375000
XORSTE,ORSTED US TRADING LLC (CRRAH),1170713895000
XPACIF,PACIFIC SUMMIT ENERGY LLC (CRRAH),1627682415000
XPACF1,PACIFIC SUMMIT ENERGY LLC 1 (CRRAH),1627682415100
XPAINT,PAINTED POWER LLC (CRRAH),1194311065000
XPAIN1,PAINTED POWER LLC 1 (CRRAH),1194311065100
XPAIN2,PAINTED POWER LLC 2 (CRRAH),1194311065200
XPARTE,PARTITION ENERGY LLC (CRRAH),1193107155000
XPATTE,PATTERN ENERGY MANAGEMENT SERVICES LLC (CRRAH),0812397105000
XPATT1,PATTERN ENERGY MANAGEMENT SERVICES LLC 1 (CRRAH),0812397105100
XPCSTR,PCS TRADING LLC (CRRAH),1171081435000
XPEAKE,PEAK ENERGY CAPITAL LP (CRRAH),0805062705000
XPEAK1,PEAK ENERGY CAPITAL LP 1 (CRRAH),0805062705100
XPEAK2,PEAK ENERGY CAPITAL LP 2 (CRRAH),0805062705200
XPEATR,PEAK ENERGY TRADING LLC (CRRAH),1193045625000
XPEAT1,PEAK ENERGY TRADING LLC 1 (CRRAH),1193045625100
XPEAT2,PEAK ENERGY TRADING LLC 2 (CRRAH),1193045625200
XPEARL,PEARL STREET MERCHANT ENERGY LLC (CRRAH),0813507075000
XPEAR1,PEARL STREET MERCHANT ENERGY LLC 1 (CRRAH),0813507075100
XDEN,PENINSULA POWER LLC (CRRAH),0784812475000
XDEN2,PENINSULA POWER LLC 2 (CRRAH),0784812475100
XDEN3,PENINSULA POWER LLC 3 (CRRAH),0784812475200
XPENLO,PENINSULA POWER LONESTAR LLC (CRRAH),1153384175000
XPENL1,PENINSULA POWER LONESTAR LLC 1 (CRRAH),1153384175100
XPENL2,PENINSULA POWER LONESTAR LLC 2 (CRRAH),1153384175200
XPENTX,PENINSULA POWER TX LLC (CRRAH),1153167165000
XPENT1,PENINSULA POWER TX LLC 1 (CRRAH),1153167165100
XPENT2,PENINSULA POWER TX LLC 2 (CRRAH),1153167165200
XPERAS,PERAST TEXAS LLC (CRRAH),1187133285000
XPERA1,PERAST TEXAS LLC 1 (CRRAH),1187133285100
XPERA2,PERAST TEXAS LLC 2 (CRRAH),1187133285200
XPERID,PERIDOT POWER LLC (CRRAH),1187031185000
XPHARE,PHARETRAM ENERGY SERVICES LTD (CRRAH),0799548455000
XPHILL,PHILLIPS 66 ENERGY TRADING LLC (CRRAH),1185833265000
XPNTFI,PNT FINANCIAL LLC (CRRAH),0390936655000
XPNTF1,PNT FINANCIAL LLC 1 (CRRAH),0390936655100
XPNTF2,PNT FINANCIAL LLC 2 (CRRAH),0390936655200
XPRECE,PRECEPT POWER LLC (CRRAH),0801790745000
XPREC1,PRECEPT POWER LLC 1 (CRRAH),0801790745100
XQDTT,QDT TRADING LLC (CRRAH),1177328695000
XQUATT,QUATTRO ENERGY LP (CRRAH),0806674375000
XQUAT1,QUATTRO ENERGY LP 1 (CRRAH),0806674375100
XQUAT2,QUATTRO ENERGY LP 2 (CRRAH),0806674375200
XRAIN,RAINBOW ENERGY MARKETING CORPORATION (CRRAH),8614986085000
XRBEC,RAYBURN COUNTRY ELECTRIC COOPERATIVE INC (CRRAH),6243686015000
XRBEC2,RAYBURN COUNTRY ELECTRIC COOPERATIVE INC 2 (CRRAH),6243686015100
XREPSO,REPSOL RENEWABLES DEVELOPMENT COMPANY LLC (CRRAH),0659460335000
XRESIS,RESISTANCE ENERGY FUND LP (CRRAH),1190249845000
XRESI1,RESISTANCE ENERGY FUND LP 1 (CRRAH),1190249845100
XFRONT,RETAIL ENERGY SOLUTIONS LLC (CRRAH),8094344215000
XREUEL,REUEL ENERGY LLC (CRRAH),0807209165000
XBIOU1,RIVERCREST POWER SOUTH 1 LLC (CRRAH),0799985325100
XBIOUR,RIVERCREST POWER SOUTH LLC (CRRAH),0799985325000
XECNRQ,RWE AMERICAS QSE LLC (CRRAH),8080878165000
XECNR1,RWE AMERICAS QSE LLC 1 (CRRAH),8080878165100
XECNR2,RWE AMERICAS QSE LLC 2 (CRRAH),8080878165200
XSAAIC,SAAICO ENERGY LLC (CRRAH),0798193885000
XSAHA,SAHALIE LLC (CRRAH),1188850795000
XSAHA1,SAHALIE LLC 1 (CRRAH),1188850795100
XSAHA2,SAHALIE LLC 2 (CRRAH),1188850795200
XSAMEN,SAMSON SOLAR ENERGY III LLC (CRRAH),1176660695000
XSAMSO,SAMSON SOLAR ENERGY LLC (CRRAH),1176660845000
XSNDAL,SANDALWOOD POWER LLC (CRRAH),0805491665000
XSNDA1,SANDALWOOD POWER LLC 1 (CRRAH),0805491665100
XSNDA2,SANDALWOOD POWER LLC 2 (CRRAH),0805491665200
XSARAW,SARACEN ENERGY WEST LP (CRRAH),8300183675000
XSARA2,SARACEN ENERGY WEST LP 2 (CRRAH),8300183675100
XSARA3,SARACEN ENERGY WEST LP 3 (CRRAH),8300183675200
XSARAC,SARACEN POWER LP (CRRAH),8296206785000
XSARA1,SARACEN POWER LP 1 (CRRAH),8296206785100
XSARP2,SARACEN POWER LP 2 (CRRAH),8296206785200
XSCENE,SC ENERGY PARTNERS LLC (CRRAH),0810774785000
XSCEN1,SC ENERGY PARTNERS LLC 1 (CRRAH),0810774785100
XSCEN2,SC ENERGY PARTNERS LLC 2 (CRRAH),0810774785200
XSECON,SECOND FOUNDATION US TRADING LLC (CRRAH),1188481975000
XSEMGP,SEMPRA GAS AND POWER MARKETING LLC (CRRAH),0802069045000
XSENAT,SENATE WIND LLC (CRRAH),8322475845000
XSESSW,SESCO SOUTHWEST TRADING LLC (CRRAH),9616099275000
XSESCA,SESCO SOUTHWEST TRADING LLC CAISO (CRRAH),9616099275100
XSESKP,SESCO SOUTHWEST TRADING LLC KP (CRRAH),9616099275200
XSHELL,SHELL ENERGY NORTH AMERICA (US) LP (CRRAH),9375172665000
XSHEL2,SHELL ENERGY NORTH AMERICA (US) LP 2 (CRRAH),9375172665200
XSHEL3,SHELL ENERGY NORTH AMERICA (US) LP 3 (CRRAH),9375172665300
XSIGAN,SIGMA ANALYTICS LLC (CRRAH),1194311215000
XSIGA1,SIGMA ANALYTICS LLC 1 (CRRAH),1194311215100
XSIGA2,SIGMA ANALYTICS LLC 2 (CRRAH),1194311215200
XSET,SMARTESTENERGY TEXAS LLC (CRRAH),1384293555000
XSOCIV,SOCIVOLTA INC (CRRAH),2033228965000
XSPWE,SOUTH PLAINS WIND ENERGY LLC (CRRAH),0795544885000
XSTEC,SOUTH TEXAS ELECTRIC COOPERATIVE INC (CRRAH),0038663325000
XSPENE,SP ENERGY TRADING LLC (CRRAH),1171715945000
XSPANS,SPANSHOAKSAILAB INC (CRRAH),0999861235000
XSPARK,SPARK ENERGY LLC (CRRAH),0375974375000
XSPOTL,SPOTLIGHT POWER LLC (CRRAH),1185310765000
XSTATK,STATKRAFT US LLC (CRRAH),0623978505000
XSTROM,STROM POWER LLC (CRRAH),0805374955000
XSTRO1,STROM POWER LLC 1 (CRRAH),0805374955100
XSTRO2,STROM POWER LLC 2 (CRRAH),0805374955200
XSWPWR,SW POWER TRADING LLC (CRRAH),9687451955000
XTARHA,TARHAWK ENERGY LP (CRRAH),1249207505000
XTARH1,TARHAWK ENERGY LP 1 (CRRAH),1249207505100
XTARH2,TARHAWK ENERGY LP 2 (CRRAH),1249207505200
XTCENE,TC ENERGY MARKETING INC (CRRAH),1176752715000
XTECEN,TEC ENERGY INC (CRRAH),2030184865000
XTENS,TENASKA POWER SERVICES CO (CRRAH),9630189815000
XTENS2,TENASKA POWER SERVICES CO 2 (CRRAH),9630189815100
XTENS3,TENASKA POWER SERVICES CO 3 (CRRAH),9630189815200
XTEXE2,TEXAS ELECTRIC MARKETING LLC (2) (CRRAH),0808537315100
XTEXE3,TEXAS ELECTRIC MARKETING LLC (3) (CRRAH),0808537315200
XTEXEL,TEXAS ELECTRIC MARKETING LLC (CRRAH),0808537315000
XTETP,TEXAS ENERGY TRANSFER POWER LLC (CRRAH),8310992675000
XTXRET,TEXAS RETAIL ENERGY LLC (CRRAH),1242384325000
XTEAIX,THE ENERGY AUTHORITY INC (CRRAH),0159548605000
XTHORD,THORDIN LLC (CRRAH),3059811845000
XTHUNH,THUNDERHEAD POWER LLC (CRRAH),1289549785000
XTIDEN,TIDAL ENERGY MARKETING (US) LLC (CRRAH),0396649535000
XTORCH,TORCH POWER LLC (CRRAH),1194311655000
XTORC1,TORCH POWER LLC 1 (CRRAH),1194311655100
XTORC2,TORCH POWER LLC 2 (CRRAH),1194311655200
XTOTLG,TOTALENERGIES GAS AND POWER NORTH AMERICA INC (CRRAH),6200599805000
XTRAFI,TRAFIGURA TRADING LLC (CRRAH),8277765225000
XTRAN3,TRANSALTA ENERGY MARKETING (US) INC 3 (CRRAH),0319045305000
XTEFLP,TRIOLITH ENERGY FUND LP (CRRAH),0798435005000
XTEFL1,TRIOLITH ENERGY FUND LP 1 (CRRAH),0798435005100
XTEFL2,TRIOLITH ENERGY FUND LP 2 (CRRAH),0798435005200
XTTPAC,TTPA LLC (CRRAH),0806917865100
XTXAPI,TX ACTIVE POWER INVESTMENTS LLLP (CRRAH),9647744055000
XTXAP2,TX ACTIVE POWER INVESTMENTS LLLP 2 (CRRAH),9647744055100
XTXAP3,TX ACTIVE POWER INVESTMENTS LLLP 3 (CRRAH),9647744055200
XUMEEN,UME ENERGY LLC (CRRAH),1176767585000
XUMEE1,UME ENERGY LLC 1 (CRRAH),1176767585100
XUMEE2,UME ENERGY LLC 2 (CRRAH),1176767585200
XUNCEN,UNCIA ENERGY LP (CRRAH),1448490635000
XUNCE2,UNCIA ENERGY LP 2 (CRRAH),1448490635100
XUNCE3,UNCIA ENERGY LP 3 (CRRAH),1448490635200
XUNCIA,UNCIA ENERGY LP SERIES E (CRRAH),0797546945000
XUNCI2,UNCIA ENERGY LP SERIES E 2 (CRRAH),0797546945100
XUNCI3,UNCIA ENERGY LP SERIES E 3 (CRRAH),0797546945200
XUNCIE,UNCIA ENERGY LP SERIES TX (CRRAH),1188976345000
XUNTX2,UNCIA ENERGY LP SERIES TX 2 (CRRAH),1188976345100
XUNTX3,UNCIA ENERGY LP SERIES TX 3 (CRRAH),1188976345200
XEONG,UNIPER GLOBAL COMMODITIES NORTH AMERICA LLC (CRRAH),0790933505000
XUSRM,US RESEARCH MANAGEMENT LLC (CRRAH),1194123745000
XUSRM1,US RESEARCH MANAGEMENT LLC 1 (CRRAH),1194123745100
XUSRM2,US RESEARCH MANAGEMENT LLC 2 (CRRAH),1194123745200
XVBEIN,VBE INVESTMENTS LLC (CRRAH),0807886655000
XVBEI1,VBE INVESTMENTS LLC 1 (CRRAH),0807886655100
XVEGA,VEGA POWER LLC (CRRAH),1188175985000
XVELEM,VELOCITY AMERICAN ENERGY MASTER I LP (CRRAH),8091180245000
XVELE2,VELOCITY AMERICAN ENERGY MASTER I LP 2 (CRRAH),8091180245100
XVELE3,VELOCITY AMERICAN ENERGY MASTER I LP 3 (CRRAH),8091180245200
XVERAN,VERANO ENERGY TRADING LP (CRRAH),0805420515000
XVERRE,VERRA ENERGY LP (CRRAH),1431901045000
XVIEWE,VIEW ENERGY LLC (CRRAH),1253474595000
XVIRIB,VIRIBUS FUND LP (CRRAH),1176918635000
XVIRI1,VIRIBUS FUND LP 1 (CRRAH),1176918635100
XVITOL,VITOL INC (CRRAH),7906200465000
XVITO2,VITOL INC 2 (CRRAH),7906200465200
XVITO1,VITOL INC I (CRRAH),7906200465100
XVITRE,VITR ENERGY LLC (CRRAH),1191188075000
XVITR1,VITR ENERGY LLC 1 (CRRAH),1191188075100
XVITR2,VITR ENERGY LLC 2 (CRRAH),1191188075200
XVOLED,VOLTA ENERGY DESIGNATED ACTIVITY COMPANY (CRRAH),9861538165000
XWEATH,WEATHERFORD MUNICIPAL UTILITY SYSTEM (CRRAH),0817196275000
XWOLFP,WOLFRAMIUM POWER LP (CRRAH),0805522515000
XWOLF1,WOLFRAMIUM POWER LP 1 (CRRAH),0805522515100
XWOLF2,WOLFRAMIUM POWER LP 2 (CRRAH),0805522515200
XXCOM,XCOM GENERATOR LABS LLC (CRRAH),1194116595000
XXCOM1,XCOM GENERATOR LABS LLC 1 (CRRAH),1194116595100
XXCOM2,XCOM GENERATOR LABS LLC 2 (CRRAH),1194116595200
XZGLTX,ZGLOBAL TX LLC (CRRAH),1194527055000
